Number of Histories, Time (seconds)
100, 83.60787272453308
1000, 101.46792936325073
10000, 273.5368092060089
100000, 1937.0247411727905
1000000, 18545.94820022583
