Number of Histories, Time (seconds)
100, 85.01393294334412
1000, 100.47756433486938
10000, 275.2032587528229
100000, 1925.0324470996857
1000000, 18010.017499923706
